Bein Sports Xtra Ã‘ [US], ZZZZZZZZZZZZZZZZZ
TNT Sport 1 1080,TNT Sports 1 HD
TNT Sport 2 1080,TNT Sports 2 HD
TNT Sport 3 1080,TNT Sports 3 HD
TNT Sport 4 1080,TNT Sports 4 HD
Sky Sport Cricket,Sky Sports Cricket
Sky Sport Arena,Sky Sports Arena
Sky Sport Football,Sky Sports Football
Sky Sport Premier League,Sky Sports Premier League
Sky Sport Main Event,Sky Sports Main Event
Premier Sports 1 [UK],Premier Sports 1 [IE]
Premier Sports 2 [UK],Premier Sports 2 [IE]
SkySP PL [UK],Sky Sports Premier League [UK]
ESPN HD [US],ESPN [US]
BT Sport 1 [UK],TNT Sports 1 HD [UK]
BT Sport 2 [UK],TNT Sports 2 HD [UK]
BT Sport 3 [UK],TNT Sports 3 HD [UK]
BT Sport / ESPN [UK],TNT Sports 4 HD [UK]
Tennis Channel (UK) (720p) [?],Tennis Channel [UK]
Tennis Channel HD [?],Tennis Channel [US]
